protocol,n_qubits,seed,eve,qber,key_length
BB84,8,0,True,33.333,3
BB84,8,0,False,0.0,3
BB84,8,1,True,25.0,4
BB84,8,1,False,0.0,4
BB84,8,2,True,25.0,4
BB84,8,2,False,0.0,4
BB84,8,3,True,0.0,3
BB84,8,3,False,0.0,3
BB84,8,4,True,25.0,4
BB84,8,4,False,0.0,4
BB84,8,5,True,25.0,4
BB84,8,5,False,0.0,4
BB84,8,6,True,0.0,2
BB84,8,6,False,0.0,2
BB84,8,7,True,0.0,2
BB84,8,7,False,0.0,2
BB84,8,8,True,14.286,7
BB84,8,8,False,0.0,7
BB84,8,9,True,50.0,4
BB84,8,9,False,0.0,4
BB84,8,10,True,0.0,2
BB84,8,10,False,0.0,2
BB84,8,11,True,40.0,5
BB84,8,11,False,0.0,5
BB84,8,12,True,50.0,4
BB84,8,12,False,0.0,4
BB84,8,13,True,40.0,5
BB84,8,13,False,0.0,5
BB84,8,14,True,0.0,1
BB84,8,14,False,0.0,1
BB84,8,15,True,0.0,5
BB84,8,15,False,0.0,5
BB84,8,16,True,0.0,4
BB84,8,16,False,0.0,4
BB84,8,17,True,33.333,6
BB84,8,17,False,0.0,6
BB84,8,18,True,25.0,8
BB84,8,18,False,0.0,8
BB84,8,19,True,33.333,3
BB84,8,19,False,0.0,3
BB84,8,20,True,25.0,4
BB84,8,20,False,0.0,4
BB84,8,21,True,40.0,5
BB84,8,21,False,0.0,5
BB84,8,22,True,0.0,3
BB84,8,22,False,0.0,3
BB84,8,23,True,50.0,4
BB84,8,23,False,0.0,4
BB84,8,24,True,28.571,7
BB84,8,24,False,0.0,7
BB84,8,25,True,0.0,3
BB84,8,25,False,0.0,3
BB84,8,26,True,0.0,4
BB84,8,26,False,0.0,4
BB84,8,27,True,33.333,3
BB84,8,27,False,0.0,3
BB84,8,28,True,16.667,6
BB84,8,28,False,0.0,6
BB84,8,29,True,60.0,5
BB84,8,29,False,0.0,5
BB84,8,30,True,75.0,4
BB84,8,30,False,0.0,4
BB84,8,31,True,0.0,3
BB84,8,31,False,0.0,3
BB84,8,32,True,25.0,4
BB84,8,32,False,0.0,4
BB84,8,33,True,20.0,5
BB84,8,33,False,0.0,5
BB84,8,34,True,25.0,4
BB84,8,34,False,0.0,4
BB84,8,35,True,50.0,4
BB84,8,35,False,0.0,4
BB84,8,36,True,0.0,0
BB84,8,36,False,0.0,0
BB84,8,37,True,50.0,4
BB84,8,37,False,0.0,4
BB84,8,38,True,25.0,4
BB84,8,38,False,0.0,4
BB84,8,39,True,0.0,3
BB84,8,39,False,0.0,3
BB84,8,40,True,33.333,3
BB84,8,40,False,0.0,3
BB84,8,41,True,0.0,4
BB84,8,41,False,0.0,4
BB84,8,42,True,50.0,4
BB84,8,42,False,0.0,4
BB84,8,43,True,33.333,3
BB84,8,43,False,0.0,3
BB84,8,44,True,0.0,3
BB84,8,44,False,0.0,3
BB84,8,45,True,0.0,2
BB84,8,45,False,0.0,2
BB84,8,46,True,20.0,5
BB84,8,46,False,0.0,5
BB84,8,47,True,0.0,6
BB84,8,47,False,0.0,6
BB84,8,48,True,33.333,6
BB84,8,48,False,0.0,6
BB84,8,49,True,50.0,2
BB84,8,49,False,0.0,2
BB84,16,0,True,9.091,11
BB84,16,0,False,0.0,11
BB84,16,1,True,50.0,6
BB84,16,1,False,0.0,6
BB84,16,2,True,40.0,10
BB84,16,2,False,0.0,10
BB84,16,3,True,0.0,5
BB84,16,3,False,0.0,5
BB84,16,4,True,20.0,10
BB84,16,4,False,0.0,10
BB84,16,5,True,40.0,10
BB84,16,5,False,0.0,10
BB84,16,6,True,25.0,8
BB84,16,6,False,0.0,8
BB84,16,7,True,42.857,7
BB84,16,7,False,0.0,7
BB84,16,8,True,22.222,9
BB84,16,8,False,0.0,9
BB84,16,9,True,28.571,7
BB84,16,9,False,0.0,7
BB84,16,10,True,22.222,9
BB84,16,10,False,0.0,9
BB84,16,11,True,14.286,7
BB84,16,11,False,0.0,7
BB84,16,12,True,22.222,9
BB84,16,12,False,0.0,9
BB84,16,13,True,25.0,8
BB84,16,13,False,0.0,8
BB84,16,14,True,12.5,8
BB84,16,14,False,0.0,8
BB84,16,15,True,33.333,6
BB84,16,15,False,0.0,6
BB84,16,16,True,0.0,4
BB84,16,16,False,0.0,4
BB84,16,17,True,9.091,11
BB84,16,17,False,0.0,11
BB84,16,18,True,20.0,5
BB84,16,18,False,0.0,5
BB84,16,19,True,25.0,8
BB84,16,19,False,0.0,8
BB84,16,20,True,27.273,11
BB84,16,20,False,0.0,11
BB84,16,21,True,38.462,13
BB84,16,21,False,0.0,13
BB84,16,22,True,0.0,8
BB84,16,22,False,0.0,8
BB84,16,23,True,12.5,8
BB84,16,23,False,0.0,8
BB84,16,24,True,55.556,9
BB84,16,24,False,0.0,9
BB84,16,25,True,37.5,8
BB84,16,25,False,0.0,8
BB84,16,26,True,18.182,11
BB84,16,26,False,0.0,11
BB84,16,27,True,9.091,11
BB84,16,27,False,0.0,11
BB84,16,28,True,9.091,11
BB84,16,28,False,0.0,11
BB84,16,29,True,37.5,8
BB84,16,29,False,0.0,8
BB84,16,30,True,33.333,9
BB84,16,30,False,0.0,9
BB84,16,31,True,14.286,7
BB84,16,31,False,0.0,7
BB84,16,32,True,36.364,11
BB84,16,32,False,0.0,11
BB84,16,33,True,33.333,6
BB84,16,33,False,0.0,6
BB84,16,34,True,0.0,7
BB84,16,34,False,0.0,7
BB84,16,35,True,28.571,7
BB84,16,35,False,0.0,7
BB84,16,36,True,0.0,7
BB84,16,36,False,0.0,7
BB84,16,37,True,16.667,6
BB84,16,37,False,0.0,6
BB84,16,38,True,25.0,8
BB84,16,38,False,0.0,8
BB84,16,39,True,50.0,6
BB84,16,39,False,0.0,6
BB84,16,40,True,33.333,6
BB84,16,40,False,0.0,6
BB84,16,41,True,18.182,11
BB84,16,41,False,0.0,11
BB84,16,42,True,27.273,11
BB84,16,42,False,0.0,11
BB84,16,43,True,33.333,9
BB84,16,43,False,0.0,9
BB84,16,44,True,27.273,11
BB84,16,44,False,0.0,11
BB84,16,45,True,18.182,11
BB84,16,45,False,0.0,11
BB84,16,46,True,20.0,5
BB84,16,46,False,0.0,5
BB84,16,47,True,11.111,9
BB84,16,47,False,0.0,9
BB84,16,48,True,0.0,9
BB84,16,48,False,0.0,9
BB84,16,49,True,28.571,7
BB84,16,49,False,0.0,7
BB84,32,0,True,13.636,22
BB84,32,0,False,0.0,22
BB84,32,1,True,27.778,18
BB84,32,1,False,0.0,18
BB84,32,2,True,10.0,20
BB84,32,2,False,0.0,20
BB84,32,3,True,11.765,17
BB84,32,3,False,0.0,17
BB84,32,4,True,26.667,15
BB84,32,4,False,0.0,15
BB84,32,5,True,18.182,11
BB84,32,5,False,0.0,11
BB84,32,6,True,25.0,16
BB84,32,6,False,0.0,16
BB84,32,7,True,15.0,20
BB84,32,7,False,0.0,20
BB84,32,8,True,17.647,17
BB84,32,8,False,0.0,17
BB84,32,9,True,16.667,12
BB84,32,9,False,0.0,12
BB84,32,10,True,30.769,13
BB84,32,10,False,0.0,13
BB84,32,11,True,14.286,14
BB84,32,11,False,0.0,14
BB84,32,12,True,35.714,14
BB84,32,12,False,0.0,14
BB84,32,13,True,27.778,18
BB84,32,13,False,0.0,18
BB84,32,14,True,38.889,18
BB84,32,14,False,0.0,18
BB84,32,15,True,20.0,20
BB84,32,15,False,0.0,20
BB84,32,16,True,27.778,18
BB84,32,16,False,0.0,18
BB84,32,17,True,36.842,19
BB84,32,17,False,0.0,19
BB84,32,18,True,23.81,21
BB84,32,18,False,0.0,21
BB84,32,19,True,23.077,13
BB84,32,19,False,0.0,13
BB84,32,20,True,13.333,15
BB84,32,20,False,0.0,15
BB84,32,21,True,38.889,18
BB84,32,21,False,0.0,18
BB84,32,22,True,38.889,18
BB84,32,22,False,0.0,18
BB84,32,23,True,27.273,11
BB84,32,23,False,0.0,11
BB84,32,24,True,42.857,14
BB84,32,24,False,0.0,14
BB84,32,25,True,20.0,15
BB84,32,25,False,0.0,15
BB84,32,26,True,9.524,21
BB84,32,26,False,0.0,21
BB84,32,27,True,38.889,18
BB84,32,27,False,0.0,18
BB84,32,28,True,35.294,17
BB84,32,28,False,0.0,17
BB84,32,29,True,26.316,19
BB84,32,29,False,0.0,19
BB84,32,30,True,33.333,15
BB84,32,30,False,0.0,15
BB84,32,31,True,10.526,19
BB84,32,31,False,0.0,19
BB84,32,32,True,21.429,14
BB84,32,32,False,0.0,14
BB84,32,33,True,18.75,16
BB84,32,33,False,0.0,16
BB84,32,34,True,22.222,18
BB84,32,34,False,0.0,18
BB84,32,35,True,23.529,17
BB84,32,35,False,0.0,17
BB84,32,36,True,20.0,15
BB84,32,36,False,0.0,15
BB84,32,37,True,11.765,17
BB84,32,37,False,0.0,17
BB84,32,38,True,19.048,21
BB84,32,38,False,0.0,21
BB84,32,39,True,31.25,16
BB84,32,39,False,0.0,16
BB84,32,40,True,14.286,14
BB84,32,40,False,0.0,14
BB84,32,41,True,23.529,17
BB84,32,41,False,0.0,17
BB84,32,42,True,0.0,13
BB84,32,42,False,0.0,13
BB84,32,43,True,20.0,15
BB84,32,43,False,0.0,15
BB84,32,44,True,46.154,13
BB84,32,44,False,0.0,13
BB84,32,45,True,15.385,13
BB84,32,45,False,0.0,13
BB84,32,46,True,35.294,17
BB84,32,46,False,0.0,17
BB84,32,47,True,18.182,22
BB84,32,47,False,0.0,22
BB84,32,48,True,0.0,9
BB84,32,48,False,0.0,9
BB84,32,49,True,30.769,13
BB84,32,49,False,0.0,13
BB84,64,0,True,18.182,33
BB84,64,0,False,0.0,33
BB84,64,1,True,12.5,32
BB84,64,1,False,0.0,32
BB84,64,2,True,27.778,36
BB84,64,2,False,0.0,36
BB84,64,3,True,20.0,30
BB84,64,3,False,0.0,30
BB84,64,4,True,28.571,28
BB84,64,4,False,0.0,28
BB84,64,5,True,26.667,30
BB84,64,5,False,0.0,30
BB84,64,6,True,27.027,37
BB84,64,6,False,0.0,37
BB84,64,7,True,28.125,32
BB84,64,7,False,0.0,32
BB84,64,8,True,36.364,22
BB84,64,8,False,0.0,22
BB84,64,9,True,20.0,30
BB84,64,9,False,0.0,30
BB84,64,10,True,28.571,42
BB84,64,10,False,0.0,42
BB84,64,11,True,23.529,34
BB84,64,11,False,0.0,34
BB84,64,12,True,29.63,27
BB84,64,12,False,0.0,27
BB84,64,13,True,26.667,30
BB84,64,13,False,0.0,30
BB84,64,14,True,24.242,33
BB84,64,14,False,0.0,33
BB84,64,15,True,30.303,33
BB84,64,15,False,0.0,33
BB84,64,16,True,13.043,23
BB84,64,16,False,0.0,23
BB84,64,17,True,27.586,29
BB84,64,17,False,0.0,29
BB84,64,18,True,13.333,30
BB84,64,18,False,0.0,30
BB84,64,19,True,27.273,33
BB84,64,19,False,0.0,33
BB84,64,20,True,24.242,33
BB84,64,20,False,0.0,33
BB84,64,21,True,28.0,25
BB84,64,21,False,0.0,25
BB84,64,22,True,20.93,43
BB84,64,22,False,0.0,43
BB84,64,23,True,17.647,34
BB84,64,23,False,0.0,34
BB84,64,24,True,33.333,33
BB84,64,24,False,0.0,33
BB84,64,25,True,27.273,33
BB84,64,25,False,0.0,33
BB84,64,26,True,34.375,32
BB84,64,26,False,0.0,32
BB84,64,27,True,32.143,28
BB84,64,27,False,0.0,28
BB84,64,28,True,27.027,37
BB84,64,28,False,0.0,37
BB84,64,29,True,28.125,32
BB84,64,29,False,0.0,32
BB84,64,30,True,16.129,31
BB84,64,30,False,0.0,31
BB84,64,31,True,8.571,35
BB84,64,31,False,0.0,35
BB84,64,32,True,25.0,36
BB84,64,32,False,0.0,36
BB84,64,33,True,20.588,34
BB84,64,33,False,0.0,34
BB84,64,34,True,11.111,36
BB84,64,34,False,0.0,36
BB84,64,35,True,32.258,31
BB84,64,35,False,0.0,31
BB84,64,36,True,23.333,30
BB84,64,36,False,0.0,30
BB84,64,37,True,42.308,26
BB84,64,37,False,0.0,26
BB84,64,38,True,20.0,40
BB84,64,38,False,0.0,40
BB84,64,39,True,35.294,34
BB84,64,39,False,0.0,34
BB84,64,40,True,25.806,31
BB84,64,40,False,0.0,31
BB84,64,41,True,24.138,29
BB84,64,41,False,0.0,29
BB84,64,42,True,25.0,28
BB84,64,42,False,0.0,28
BB84,64,43,True,29.032,31
BB84,64,43,False,0.0,31
BB84,64,44,True,30.303,33
BB84,64,44,False,0.0,33
BB84,64,45,True,27.027,37
BB84,64,45,False,0.0,37
BB84,64,46,True,20.0,25
BB84,64,46,False,0.0,25
BB84,64,47,True,18.421,38
BB84,64,47,False,0.0,38
BB84,64,48,True,36.364,33
BB84,64,48,False,0.0,33
BB84,64,49,True,23.684,38
BB84,64,49,False,0.0,38
BB84,128,0,True,19.672,61
BB84,128,0,False,0.0,61
BB84,128,1,True,30.0,60
BB84,128,1,False,0.0,60
BB84,128,2,True,24.194,62
BB84,128,2,False,0.0,62
BB84,128,3,True,25.397,63
BB84,128,3,False,0.0,63
BB84,128,4,True,24.615,65
BB84,128,4,False,0.0,65
BB84,128,5,True,27.419,62
BB84,128,5,False,0.0,62
BB84,128,6,True,18.462,65
BB84,128,6,False,0.0,65
BB84,128,7,True,20.0,70
BB84,128,7,False,0.0,70
BB84,128,8,True,31.148,61
BB84,128,8,False,0.0,61
BB84,128,9,True,24.561,57
BB84,128,9,False,0.0,57
BB84,128,10,True,28.788,66
BB84,128,10,False,0.0,66
BB84,128,11,True,20.312,64
BB84,128,11,False,0.0,64
BB84,128,12,True,21.875,64
BB84,128,12,False,0.0,64
BB84,128,13,True,22.535,71
BB84,128,13,False,0.0,71
BB84,128,14,True,24.638,69
BB84,128,14,False,0.0,69
BB84,128,15,True,26.087,69
BB84,128,15,False,0.0,69
BB84,128,16,True,26.154,65
BB84,128,16,False,0.0,65
BB84,128,17,True,26.316,57
BB84,128,17,False,0.0,57
BB84,128,18,True,25.641,78
BB84,128,18,False,0.0,78
BB84,128,19,True,23.188,69
BB84,128,19,False,0.0,69
BB84,128,20,True,27.536,69
BB84,128,20,False,0.0,69
BB84,128,21,True,42.647,68
BB84,128,21,False,0.0,68
BB84,128,22,True,20.0,60
BB84,128,22,False,0.0,60
BB84,128,23,True,13.043,69
BB84,128,23,False,0.0,69
BB84,128,24,True,23.333,60
BB84,128,24,False,0.0,60
BB84,128,25,True,21.875,64
BB84,128,25,False,0.0,64
BB84,128,26,True,30.159,63
BB84,128,26,False,0.0,63
BB84,128,27,True,22.059,68
BB84,128,27,False,0.0,68
BB84,128,28,True,20.968,62
BB84,128,28,False,0.0,62
BB84,128,29,True,24.286,70
BB84,128,29,False,0.0,70
BB84,128,30,True,20.0,65
BB84,128,30,False,0.0,65
BB84,128,31,True,19.355,62
BB84,128,31,False,0.0,62
BB84,128,32,True,41.935,62
BB84,128,32,False,0.0,62
BB84,128,33,True,25.0,68
BB84,128,33,False,0.0,68
BB84,128,34,True,30.769,65
BB84,128,34,False,0.0,65
BB84,128,35,True,24.59,61
BB84,128,35,False,0.0,61
BB84,128,36,True,28.788,66
BB84,128,36,False,0.0,66
BB84,128,37,True,29.508,61
BB84,128,37,False,0.0,61
BB84,128,38,True,36.667,60
BB84,128,38,False,0.0,60
BB84,128,39,True,28.125,64
BB84,128,39,False,0.0,64
BB84,128,40,True,23.333,60
BB84,128,40,False,0.0,60
BB84,128,41,True,19.403,67
BB84,128,41,False,0.0,67
BB84,128,42,True,12.069,58
BB84,128,42,False,0.0,58
BB84,128,43,True,17.568,74
BB84,128,43,False,0.0,74
BB84,128,44,True,19.672,61
BB84,128,44,False,0.0,61
BB84,128,45,True,22.535,71
BB84,128,45,False,0.0,71
BB84,128,46,True,30.0,60
BB84,128,46,False,0.0,60
BB84,128,47,True,26.027,73
BB84,128,47,False,0.0,73
BB84,128,48,True,27.778,54
BB84,128,48,False,0.0,54
BB84,128,49,True,29.032,62
BB84,128,49,False,0.0,62
