protocol,input_bytes,seed,hash_ms,classical_preimage_bits,post_grover_preimage_bits,classical_collision_bits,post_grover_collision_bits
SHA-256,64,0,0.0533,256,128,128,85
SHA-256,64,1,0.0036,256,128,128,85
SHA-256,64,2,0.0018,256,128,128,85
SHA-256,64,3,0.0014,256,128,128,85
SHA-256,64,4,0.0014,256,128,128,85
SHA-256,64,5,0.0014,256,128,128,85
SHA-256,64,6,0.0013,256,128,128,85
SHA-256,64,7,0.0013,256,128,128,85
SHA-256,64,8,0.0013,256,128,128,85
SHA-256,64,9,0.0013,256,128,128,85
SHA-256,64,10,0.0014,256,128,128,85
SHA-256,64,11,0.0014,256,128,128,85
SHA-256,64,12,0.0013,256,128,128,85
SHA-256,64,13,0.0014,256,128,128,85
SHA-256,64,14,0.0014,256,128,128,85
SHA-256,64,15,0.0014,256,128,128,85
SHA-256,64,16,0.0013,256,128,128,85
SHA-256,64,17,0.0013,256,128,128,85
SHA-256,64,18,0.0014,256,128,128,85
SHA-256,64,19,0.0013,256,128,128,85
SHA-256,64,20,0.0014,256,128,128,85
SHA-256,64,21,0.0013,256,128,128,85
SHA-256,64,22,0.0013,256,128,128,85
SHA-256,64,23,0.0013,256,128,128,85
SHA-256,64,24,0.0017,256,128,128,85
SHA-256,64,25,0.0014,256,128,128,85
SHA-256,64,26,0.0014,256,128,128,85
SHA-256,64,27,0.0014,256,128,128,85
SHA-256,64,28,0.0013,256,128,128,85
SHA-256,64,29,0.0013,256,128,128,85
SHA-256,64,30,0.0013,256,128,128,85
SHA-256,64,31,0.0013,256,128,128,85
SHA-256,64,32,0.0014,256,128,128,85
SHA-256,64,33,0.0014,256,128,128,85
SHA-256,64,34,0.0014,256,128,128,85
SHA-256,64,35,0.0014,256,128,128,85
SHA-256,64,36,0.0014,256,128,128,85
SHA-256,64,37,0.0014,256,128,128,85
SHA-256,64,38,0.0014,256,128,128,85
SHA-256,64,39,0.0013,256,128,128,85
SHA-256,64,40,0.0013,256,128,128,85
SHA-256,64,41,0.0014,256,128,128,85
SHA-256,64,42,0.0013,256,128,128,85
SHA-256,64,43,0.0016,256,128,128,85
SHA-256,64,44,0.0013,256,128,128,85
SHA-256,64,45,0.0013,256,128,128,85
SHA-256,64,46,0.0013,256,128,128,85
SHA-256,64,47,0.0013,256,128,128,85
SHA-256,64,48,0.0013,256,128,128,85
SHA-256,64,49,0.0013,256,128,128,85
SHA-256,256,0,0.0068,256,128,128,85
SHA-256,256,1,0.0025,256,128,128,85
SHA-256,256,2,0.0021,256,128,128,85
SHA-256,256,3,0.0021,256,128,128,85
SHA-256,256,4,0.002,256,128,128,85
SHA-256,256,5,0.002,256,128,128,85
SHA-256,256,6,0.0021,256,128,128,85
SHA-256,256,7,0.002,256,128,128,85
SHA-256,256,8,0.0019,256,128,128,85
SHA-256,256,9,0.002,256,128,128,85
SHA-256,256,10,0.0021,256,128,128,85
SHA-256,256,11,0.002,256,128,128,85
SHA-256,256,12,0.0019,256,128,128,85
SHA-256,256,13,0.0019,256,128,128,85
SHA-256,256,14,0.0019,256,128,128,85
SHA-256,256,15,0.0019,256,128,128,85
SHA-256,256,16,0.0018,256,128,128,85
SHA-256,256,17,0.0018,256,128,128,85
SHA-256,256,18,0.0017,256,128,128,85
SHA-256,256,19,0.0018,256,128,128,85
SHA-256,256,20,0.0018,256,128,128,85
SHA-256,256,21,0.0017,256,128,128,85
SHA-256,256,22,0.0018,256,128,128,85
SHA-256,256,23,0.0017,256,128,128,85
SHA-256,256,24,0.0018,256,128,128,85
SHA-256,256,25,0.0018,256,128,128,85
SHA-256,256,26,0.0018,256,128,128,85
SHA-256,256,27,0.0018,256,128,128,85
SHA-256,256,28,0.0017,256,128,128,85
SHA-256,256,29,0.0017,256,128,128,85
SHA-256,256,30,0.0017,256,128,128,85
SHA-256,256,31,0.0018,256,128,128,85
SHA-256,256,32,0.0018,256,128,128,85
SHA-256,256,33,0.0018,256,128,128,85
SHA-256,256,34,0.0018,256,128,128,85
SHA-256,256,35,0.0018,256,128,128,85
SHA-256,256,36,0.0023,256,128,128,85
SHA-256,256,37,0.0021,256,128,128,85
SHA-256,256,38,0.0016,256,128,128,85
SHA-256,256,39,0.0016,256,128,128,85
SHA-256,256,40,0.0016,256,128,128,85
SHA-256,256,41,0.0016,256,128,128,85
SHA-256,256,42,0.0017,256,128,128,85
SHA-256,256,43,0.0017,256,128,128,85
SHA-256,256,44,0.0016,256,128,128,85
SHA-256,256,45,0.0017,256,128,128,85
SHA-256,256,46,0.0016,256,128,128,85
SHA-256,256,47,0.0016,256,128,128,85
SHA-256,256,48,0.0017,256,128,128,85
SHA-256,256,49,0.0017,256,128,128,85
SHA-256,1024,0,0.0081,256,128,128,85
SHA-256,1024,1,0.0038,256,128,128,85
SHA-256,1024,2,0.0034,256,128,128,85
SHA-256,1024,3,0.0033,256,128,128,85
SHA-256,1024,4,0.0031,256,128,128,85
SHA-256,1024,5,0.0032,256,128,128,85
SHA-256,1024,6,0.0036,256,128,128,85
SHA-256,1024,7,0.0032,256,128,128,85
SHA-256,1024,8,0.0031,256,128,128,85
SHA-256,1024,9,0.0031,256,128,128,85
SHA-256,1024,10,0.0031,256,128,128,85
SHA-256,1024,11,0.0031,256,128,128,85
SHA-256,1024,12,0.0031,256,128,128,85
SHA-256,1024,13,0.0031,256,128,128,85
SHA-256,1024,14,0.0031,256,128,128,85
SHA-256,1024,15,0.0031,256,128,128,85
SHA-256,1024,16,0.0031,256,128,128,85
SHA-256,1024,17,0.0031,256,128,128,85
SHA-256,1024,18,0.0031,256,128,128,85
SHA-256,1024,19,0.0031,256,128,128,85
SHA-256,1024,20,0.0031,256,128,128,85
SHA-256,1024,21,0.0031,256,128,128,85
SHA-256,1024,22,0.003,256,128,128,85
SHA-256,1024,23,0.0031,256,128,128,85
SHA-256,1024,24,0.0031,256,128,128,85
SHA-256,1024,25,0.0032,256,128,128,85
SHA-256,1024,26,0.0034,256,128,128,85
SHA-256,1024,27,0.0031,256,128,128,85
SHA-256,1024,28,0.0031,256,128,128,85
SHA-256,1024,29,0.0032,256,128,128,85
SHA-256,1024,30,0.0031,256,128,128,85
SHA-256,1024,31,0.0031,256,128,128,85
SHA-256,1024,32,0.0031,256,128,128,85
SHA-256,1024,33,0.0031,256,128,128,85
SHA-256,1024,34,0.0031,256,128,128,85
SHA-256,1024,35,0.0031,256,128,128,85
SHA-256,1024,36,0.0031,256,128,128,85
SHA-256,1024,37,0.0031,256,128,128,85
SHA-256,1024,38,0.0031,256,128,128,85
SHA-256,1024,39,0.0031,256,128,128,85
SHA-256,1024,40,0.0031,256,128,128,85
SHA-256,1024,41,0.0031,256,128,128,85
SHA-256,1024,42,0.0031,256,128,128,85
SHA-256,1024,43,0.0032,256,128,128,85
SHA-256,1024,44,0.0031,256,128,128,85
SHA-256,1024,45,0.0033,256,128,128,85
SHA-256,1024,46,0.0031,256,128,128,85
SHA-256,1024,47,0.0031,256,128,128,85
SHA-256,1024,48,0.0031,256,128,128,85
SHA-256,1024,49,0.0032,256,128,128,85
SHA-256,4096,0,0.0135,256,128,128,85
SHA-256,4096,1,0.0099,256,128,128,85
SHA-256,4096,2,0.0095,256,128,128,85
SHA-256,4096,3,0.0095,256,128,128,85
SHA-256,4096,4,0.0095,256,128,128,85
SHA-256,4096,5,0.0094,256,128,128,85
SHA-256,4096,6,0.0095,256,128,128,85
SHA-256,4096,7,0.0094,256,128,128,85
SHA-256,4096,8,0.0093,256,128,128,85
SHA-256,4096,9,0.0094,256,128,128,85
SHA-256,4096,10,0.0094,256,128,128,85
SHA-256,4096,11,0.0094,256,128,128,85
SHA-256,4096,12,0.0094,256,128,128,85
SHA-256,4096,13,0.0094,256,128,128,85
SHA-256,4096,14,0.0095,256,128,128,85
SHA-256,4096,15,0.0099,256,128,128,85
SHA-256,4096,16,0.0094,256,128,128,85
SHA-256,4096,17,0.0094,256,128,128,85
SHA-256,4096,18,0.0094,256,128,128,85
SHA-256,4096,19,0.0094,256,128,128,85
SHA-256,4096,20,0.0093,256,128,128,85
SHA-256,4096,21,0.0093,256,128,128,85
SHA-256,4096,22,0.0094,256,128,128,85
SHA-256,4096,23,0.0094,256,128,128,85
SHA-256,4096,24,0.0094,256,128,128,85
SHA-256,4096,25,0.0093,256,128,128,85
SHA-256,4096,26,0.0093,256,128,128,85
SHA-256,4096,27,0.0093,256,128,128,85
SHA-256,4096,28,0.0094,256,128,128,85
SHA-256,4096,29,0.0093,256,128,128,85
SHA-256,4096,30,0.0093,256,128,128,85
SHA-256,4096,31,0.0093,256,128,128,85
SHA-256,4096,32,0.0093,256,128,128,85
SHA-256,4096,33,0.0093,256,128,128,85
SHA-256,4096,34,0.0096,256,128,128,85
SHA-256,4096,35,0.0093,256,128,128,85
SHA-256,4096,36,0.0094,256,128,128,85
SHA-256,4096,37,0.0093,256,128,128,85
SHA-256,4096,38,0.0094,256,128,128,85
SHA-256,4096,39,0.0093,256,128,128,85
SHA-256,4096,40,0.0093,256,128,128,85
SHA-256,4096,41,0.0093,256,128,128,85
SHA-256,4096,42,0.0094,256,128,128,85
SHA-256,4096,43,0.0093,256,128,128,85
SHA-256,4096,44,0.0093,256,128,128,85
SHA-256,4096,45,0.0093,256,128,128,85
SHA-256,4096,46,0.0093,256,128,128,85
SHA-256,4096,47,0.0093,256,128,128,85
SHA-256,4096,48,0.0094,256,128,128,85
SHA-256,4096,49,0.0094,256,128,128,85
SHA-256,16384,0,0.0393,256,128,128,85
SHA-256,16384,1,0.0345,256,128,128,85
SHA-256,16384,2,0.0341,256,128,128,85
SHA-256,16384,3,0.0341,256,128,128,85
SHA-256,16384,4,0.0341,256,128,128,85
SHA-256,16384,5,0.0338,256,128,128,85
SHA-256,16384,6,0.0337,256,128,128,85
SHA-256,16384,7,0.0337,256,128,128,85
SHA-256,16384,8,0.0336,256,128,128,85
SHA-256,16384,9,0.0337,256,128,128,85
SHA-256,16384,10,0.0337,256,128,128,85
SHA-256,16384,11,0.0336,256,128,128,85
SHA-256,16384,12,0.0336,256,128,128,85
SHA-256,16384,13,0.0336,256,128,128,85
SHA-256,16384,14,0.0336,256,128,128,85
SHA-256,16384,15,0.0337,256,128,128,85
SHA-256,16384,16,0.0336,256,128,128,85
SHA-256,16384,17,0.0336,256,128,128,85
SHA-256,16384,18,0.0337,256,128,128,85
SHA-256,16384,19,0.0336,256,128,128,85
SHA-256,16384,20,0.0336,256,128,128,85
SHA-256,16384,21,0.0336,256,128,128,85
SHA-256,16384,22,0.034,256,128,128,85
SHA-256,16384,23,0.034,256,128,128,85
SHA-256,16384,24,0.0336,256,128,128,85
SHA-256,16384,25,0.0339,256,128,128,85
SHA-256,16384,26,0.034,256,128,128,85
SHA-256,16384,27,0.0338,256,128,128,85
SHA-256,16384,28,0.0341,256,128,128,85
SHA-256,16384,29,0.0343,256,128,128,85
SHA-256,16384,30,0.0346,256,128,128,85
SHA-256,16384,31,0.0343,256,128,128,85
SHA-256,16384,32,0.0339,256,128,128,85
SHA-256,16384,33,0.0351,256,128,128,85
SHA-256,16384,34,0.0342,256,128,128,85
SHA-256,16384,35,0.0446,256,128,128,85
SHA-256,16384,36,0.0346,256,128,128,85
SHA-256,16384,37,0.034,256,128,128,85
SHA-256,16384,38,0.0339,256,128,128,85
SHA-256,16384,39,0.0337,256,128,128,85
SHA-256,16384,40,0.0337,256,128,128,85
SHA-256,16384,41,0.0336,256,128,128,85
SHA-256,16384,42,0.0338,256,128,128,85
SHA-256,16384,43,0.0344,256,128,128,85
SHA-256,16384,44,0.0337,256,128,128,85
SHA-256,16384,45,0.0338,256,128,128,85
SHA-256,16384,46,0.0341,256,128,128,85
SHA-256,16384,47,0.0339,256,128,128,85
SHA-256,16384,48,0.0338,256,128,128,85
SHA-256,16384,49,0.0337,256,128,128,85
